SET search_path TO lbaw23107;

INSERT INTO Attributes(key, value) VALUES
	('Size', 'S'),
	('Size', 'M'),
	('Size', 'L'),
	('Size', 'XL'),
	('Size', 'XXL'),
	('Size', '36'),
	('Size', '38'),
	('Size', '40'),
	('Brand', 'Zara'),
	('Brand', 'Adidas'),
	('Brand', 'Pull&Bear'),
	('Brand', 'Springfield'),
	('Brand', 'H&M'),
	('Brand', 'Nike'),
	('Brand', 'Bershka'),
	('Brand', 'Stradivarius'),
	('Brand', 'Primark'),
	('Brand', 'Shein'),
	('Color', 'Red'),
	('Color', 'Blue'),
	('Color', 'White'),
	('Color', 'Pink'),
	('Color', 'Orange');

INSERT INTO Users (id, username, displayName, email, profileImagePath, bio, password, creationDate, settings, accountStatus) VALUES
	(0, 'perezjacob', 'Jim Daniel', 'fosterzachary@gmail.com', '/images/profiles/0.png', 'Seem stock their toward trial car career. Possible conference civil understand. Develop expert them. Add continue hundred anyone budget find sell.','+_D)71Ex61', '2023-10-24T22:07:44.660233','{"settings": []}', 'active'),
	(1, 'bellbradley', 'Christina Garner', 'sarakim@gmail.com', '/images/profiles/1.png', 'News mind both identify medical government huge crime. Matter huge type machine still glass area account. Appear anything back man realize see.','vWrJjJWa+4', '2023-10-24T22:07:44.660233','{"settings": []}', 'active'),
	(2, 'scotttate', 'Justin Riley', 'lindsayjackson@gmail.com', '/images/profiles/2.png', 'Former evening public scene suddenly apply two. Forget shake which perform establish ability certain. List those third budget policy.\nCamera lay glass support experience. Interview sense might.','%2LMrFfNwD', '2023-10-24T22:07:44.660233','{"settings": []}', 'active'),
	(3, 'brittany74', 'Veronica Butler', 'michael44@hotmail.com', '/images/profiles/3.png', 'Evidence employee language travel. Everybody both get tonight. Hold however see green north deal management. Suffer group fight yard teach million speech.','d^9eGM+DGd', '2023-10-24T22:07:44.660233','{"settings": []}', 'active'),
	(4, 'camachopamela', 'Karen Krueger', 'justinsmith@yahoo.com', '/images/profiles/4.png', 'Home from resource. Surface name anyone kind head under. Herself apply ahead onto magazine four. Goal treat treat young.','zjE9Y1qo^2', '2023-10-24T22:07:44.660233','{"settings": []}', 'active'),
	(5, 'autumn04', 'Suzanne Andrade', 'lisamolina@yahoo.com', '/images/profiles/5.png', 'Key give information this pattern stock billion. Often develop amount officer majority plant western. Also under end lay use.','ol4Si_05w#', '2023-10-24T22:07:44.660233','{"settings": []}', 'active'),
	(6, 'sford', 'Jason Yu', 'ereed@gmail.com', '/images/profiles/6.png', 'Spend mission technology us you decide bit. Gun by action fact.\nBehavior last read. Political expert be figure land enter policy. Strong short business ten.','i8Rjn^c3!o', '2023-10-24T22:07:44.660233','{"settings": []}', 'active'),
	(7, 'heberttiffany', 'Tiffany Castillo', 'rkeith@gmail.com', '/images/profiles/7.png', 'Area over maybe purpose. Dog understand clear.\nLoss south own military front sure group. Professor figure raise culture sell.\nGo guy risk fish point. Mind our almost.','@9B2L9o)Y&', '2023-10-24T22:07:44.660233','{"settings": []}', 'active'),
	(8, 'thomasandrea', 'Cody Moss', 'gabrielowens@yahoo.com', '/images/profiles/8.png', 'Door arm anything bad energy. Attack service fast visit where lot.\nBed space follow give country far until stuff. Discuss live religious program different certainly.','q(!A4KrtuK', '2023-10-24T22:07:44.660233','{"settings": []}', 'active'),
	(9, 'jasonwatkins', 'Kenneth Wilson', 'elijahanderson@yahoo.com', '/images/profiles/9.png', 'Road tell crime prove. Call form amount he finish mission build gun. Determine impact reduce experience trial chance respond.','e0hQZBu!%h', '2023-10-24T22:07:44.660233','{"settings": []}', 'active'),
	(10, 'clinton91', 'Diane Cruz', 'fbell@yahoo.com', '/images/profiles/10.png', 'Season role guess me campaign government woman. Court company green keep. Enjoy morning might individual edge there pass.\nOnce base Democrat choose east. Drop success fish wear finally way.','0&@5K3Jnpl', '2023-10-24T22:07:44.660233','{"settings": []}', 'active'),
	(11, 'vweiss', 'Rebecca Jefferson', 'clarkeapril@hotmail.com', '/images/profiles/11.png', 'Health many college hour. Southern budget ever exactly responsibility drive authority quickly.\nWriter whole center director the effort production today. Single fast nice people free budget.',')n8*QwStQh', '2023-10-24T22:07:44.660233','{"settings": []}', 'active'),
	(12, 'ydawson', 'Carla Morse', 'smay@yahoo.com', '/images/profiles/12.png', 'Effort democratic ability pay system although. Million account create stage less.','6mJTN&iP#s', '2023-10-24T22:07:44.660233','{"settings": []}', 'active'),
	(13, 'plowe', 'William Sanchez', 'jacob70@gmail.com', '/images/profiles/13.png', 'Big buy shoulder teacher book. Bad mind fight hard. Which local official enough lead run modern.','No@8#Y$fR#', '2023-10-24T22:07:44.660233','{"settings": []}', 'active'),
	(14, 'jamescuevas', 'Phillip Dorsey', 'jamesthomas@hotmail.com', '/images/profiles/14.png', 'Cost design show resource. Green effect charge whom suddenly.\nChoice system process professional whose last laugh better. Drug third woman way term.','d^R8XbYl!t', '2023-10-24T22:07:44.660233','{"settings": []}', 'active'),
	(15, 'wyates', 'Thomas Collins', 'ataylor@yahoo.com', '/images/profiles/15.png', 'Husband eight heavy right without. Recently also class future nor course listen. Former try color positive modern.','2+6TzO0pfo', '2023-10-24T22:07:44.660233','{"settings": []}', 'active'),
	(16, 'scottguzman', 'Anna Alexander', 'sramos@gmail.com', '/images/profiles/16.png', 'Take just service. Moment people hot book major particularly bag among. Relationship music kind difference.\nGround create least along nearly seek while staff. Arrive important scene in none even.','0jj*0Vt4Tt', '2023-10-24T22:07:44.660233','{"settings": []}', 'active'),
	(17, 'smithjennifer', 'Edwin Jones', 'miguelbutler@gmail.com', '/images/profiles/17.png', 'Movement in should travel interesting morning. Turn hear write note. Green make analysis reach right now democratic candidate.','zlmnR$0j_1', '2023-10-24T22:07:44.660233','{"settings": []}', 'active'),
	(18, 'lauramendez', 'Diana Jimenez', 'ronald15@hotmail.com', '/images/profiles/18.png', 'Keep sense standard box free by each expect.\nCenter question southern.\nHuge win share million defense. Indeed ball him debate. Stuff card marriage usually.','G5WZBwfy&W', '2023-10-24T22:07:44.660233','{"settings": []}', 'active'),
	(19, 'yolanda84', 'Jose Campbell', 'brandonsanchez@gmail.com', '/images/profiles/19.png', 'Girl market military fly act consumer name. Need which professional increase.\nWhere seem only because music matter. Reality be most skin image. Certain on history company spring reflect.','#)SrJUqbS2', '2023-10-24T22:07:44.660233','{"settings": []}', 'active'),
	(20, 'chasemiller', 'Lance Moore', 'kmays@hotmail.com', '/images/profiles/20.png', 'Political air enough.\nAble however recognize voice now. Card type throw town laugh. Effort piece test enter world amount.','&0RrXa#icS', '2023-10-24T22:07:44.660233','{"settings": []}', 'active'),
	(21, 'kathleen33', 'Kelsey Parker', 'bmcdaniel@hotmail.com', '/images/profiles/21.png', 'Suffer court religious reality turn policy. Training treat read low ability forward mouth year. Most whose senior.\nNational run by yes other. Glass state participant break hit.','zT(*7OmSBz', '2023-10-24T22:07:44.660233','{"settings": []}', 'active'),
	(22, 'opeterson', 'Carmen Smith', 'melissalawrence@gmail.com', '/images/profiles/22.png', 'Idea another collection hair treatment staff. Shoulder building current process already condition according. Such both star example manage foreign.\nAlso thank city service.','&yB1uBlfv%', '2023-10-24T22:07:44.660233','{"settings": []}', 'active'),
	(23, 'denisedougherty', 'Sheri Williams DDS', 'kristen16@hotmail.com', '/images/profiles/23.png', 'Computer compare throw court bank investment. Board stuff rock face who happy might. Meeting different space book population miss. Easy daughter force white everyone media.','*_rDBfRzZ5', '2023-10-24T22:07:44.660233','{"settings": []}', 'active'),
	(24, 'cervantesluis', 'Elizabeth Warren', 'louisnixon@yahoo.com', '/images/profiles/24.png', 'Report PM leg glass every audience left. I board they person tell. Actually certainly begin himself seat always fund red. Poor risk why young individual whole.','(7VKCQ96va', '2023-10-24T22:07:44.660233','{"settings": []}', 'active'),
	(25, 'tammysalazar', 'Kimberly Schmidt', 'joseph40@gmail.com', '/images/profiles/25.png', 'Sort positive security boy all item say Democrat. Major no travel. Scientist movie agree free Mrs stuff sign.\nMother Democrat meeting none. Practice performance among top.','6Q6X$^jF%$', '2023-10-24T22:07:44.660233','{"settings": []}', 'active'),
	(26, 'campbellmichelle', 'Julie Welch', 'kennethberry@yahoo.com', '/images/profiles/26.png', 'May bit until result finally carry free. Role white why skin. Technology sometimes word stage me.','#P2$sOHaBf', '2023-10-24T22:07:44.660233','{"settings": []}', 'active'),
	(27, 'pricedorothy', 'Andrew Thomas', 'qanderson@gmail.com', '/images/profiles/27.png', 'Summer myself for environmental behind after pull. Face drug treat space check.\nFear fine eye game security. View mind style pass.','X8VmOvGx+w', '2023-10-24T22:07:44.660233','{"settings": []}', 'active'),
	(28, 'lisacox', 'Teresa Flores', 'ronaldriley@yahoo.com', '/images/profiles/28.png', 'Above point spring benefit herself measure. Region design foreign perhaps official skill audience.','S3l4ComA@!', '2023-10-24T22:07:44.660233','{"settings": []}', 'active'),
	(29, 'christopher28', 'Jessica Terry', 'berrylauren@hotmail.com', '/images/profiles/29.png', 'Design prevent data quality. Pattern forget carry mean price admit between point.\nMay actually wear check. Table amount garden size. Series center even nearly.','*M5V7kiY%b', '2023-10-24T22:07:44.660233','{"settings": []}', 'active'),
	(30, 'kimberly65', 'David Shepherd', 'gbauer@hotmail.com', '/images/profiles/30.png', 'Force receive employee everybody civil themselves life discover. Over notice common area experience young. Peace federal even firm bit she.','@#7JYMz4Dn', '2023-10-24T22:07:44.660233','{"settings": []}', 'active'),
	(31, 'robert22', 'Joshua Figueroa', 'gillmartin@yahoo.com', '/images/profiles/31.png', 'Draw system much consider appear evidence west.\nPay summer compare computer avoid sport message.','h3lbF6@e+4', '2023-10-24T22:07:44.660233','{"settings": []}', 'active'),
	(32, 'hmack', 'James Malone', 'jennifer66@gmail.com', '/images/profiles/32.png', 'Agency sister often page tell mission phone. Fund million one.\nGuy result term for.\nStep across note picture financial identify religious. Different all someone single.','czku6$Ny)J', '2023-10-24T22:07:44.660233','{"settings": []}', 'active'),
	(33, 'oconnoradam', 'Casey Coleman', 'mark90@gmail.com', '/images/profiles/33.png', 'Second particularly million born. Soon already center real finally. Sure provide science investment oil perform.','myk1&Dvo*n', '2023-10-24T22:07:44.660233','{"settings": []}', 'active'),
	(34, 'christopher52', 'Alexander Perez', 'nataliemorris@gmail.com', '/images/profiles/34.png', 'Phone question ground material away sense. Actually look reach yourself begin. Order with spend of because design door.','g^S68PwHr)', '2023-10-24T22:07:44.660233','{"settings": []}', 'active'),
	(35, 'laurashelton', 'Kathleen Cook', 'gcole@gmail.com', '/images/profiles/35.png', 'Someone picture may same yet everybody culture. Great return late gun.\nExpert in agent discussion level no. Yourself popular rather TV program many. Pm mouth individual view act.','3_EK*aSr^h', '2023-10-24T22:07:44.660233','{"settings": []}', 'active'),
	(36, 'williamslisa', 'Timothy Lewis', 'ginahill@gmail.com', '/images/profiles/36.png', 'Stand recent democratic true. Structure push hot subject stop seven. Important school under series since.','@SyOr0Be$e', '2023-10-24T22:07:44.660233','{"settings": []}', 'active'),
	(37, 'stacy53', 'Larry Woodard', 'jessicamiranda@hotmail.com', '/images/profiles/37.png', 'Book break feeling whom spend city. Every point senior young claim offer recently.\nBack threat throw. Its at worker teacher. Good including hit certain eye process.','&BuI1IbuN0', '2023-10-24T22:07:44.660233','{"settings": []}', 'active'),
	(38, 'carterjoy', 'Ronald Davidson', 'ramirezpamela@hotmail.com', '/images/profiles/38.png', 'Because eight day great weight though. Policy because need protect painting group great.\nHeart by so try. Lead stay court fear. City once tree southern claim nearly.','v_0oz0Otk!', '2023-10-24T22:07:44.660233','{"settings": []}', 'active'),
	(39, 'ybuck', 'Julie Mitchell', 'rosskyle@hotmail.com', '/images/profiles/39.png', 'Phone window size audience. Away box event against any successful relationship.\nAgree almost friend direction. Minute grow enough discover edge everyone fish. Road maintain dark send.','jZ*1E&tVSN', '2023-10-24T22:07:44.661234','{"settings": []}', 'active'),
	(40, 'ramosdeanna', 'Jeffrey Wilson', 'richlindsey@hotmail.com', '/images/profiles/40.png', 'Federal forget job church store participant. Design rock probably start several crime word.\nHuge this understand respond up. Even voice from.',')8zYtoZl^h', '2023-10-24T22:07:44.661234','{"settings": []}', 'active'),
	(41, 'jonessherry', 'Robert Adams', 'morgandennis@yahoo.com', '/images/profiles/41.png', 'Also herself indicate hope heavy own why become. Significant policy carry goal loss. About put Mrs public soon professional.','4sScAILI#1', '2023-10-24T22:07:44.661234','{"settings": []}', 'active'),
	(42, 'xhill', 'Tammy Griffin', 'adam72@yahoo.com', '/images/profiles/42.png', 'Anyone store lose hit leader understand. Cover human standard ahead director stuff once author. Thousand other personal first I. Writer bank worker truth second floor do.','7sZTmKrg)&', '2023-10-24T22:07:44.661234','{"settings": []}', 'active'),
	(43, 'erin62', 'Michael Keller', 'lelaurie@hotmail.com', '/images/profiles/43.png', 'Activity wait difference onto during already. Suffer report where finish pull lose when. Heavy network much into effect beat challenge.','pf3TBWjK_)', '2023-10-24T22:07:44.661234','{"settings": []}', 'active'),
	(44, 'paynedavid', 'Lisa Green', 'areed@yahoo.com', '/images/profiles/44.png', 'Value half at great nice able.\nMilitary its later summer impact someone most. Hit hope whatever her book together break. True once school town common. Common bed save product character tell federal.','%f4_1OvLSy', '2023-10-24T22:07:44.661234','{"settings": []}', 'active'),
	(45, 'jose53', 'Tyler White', 'westkathryn@yahoo.com', '/images/profiles/45.png', 'Set book officer live material baby explain. Including determine should off statement industry Democrat. Enjoy along find. Break year account candidate.','rTBa1VItm%', '2023-10-24T22:07:44.661234','{"settings": []}', 'active'),
	(46, 'christopherlang', 'Carlos Ochoa', 'beankayla@gmail.com', '/images/profiles/46.png', 'Citizen write position hit foreign. Protect also church player someone attention effect.\nCommon stand become look. Future score another your agent. Foot example husband call home develop.','mbV0HoWx%7', '2023-10-24T22:07:44.661234','{"settings": []}', 'active'),
	(47, 'gwendolyn84', 'Donna Flores', 'gonzalezveronica@yahoo.com', '/images/profiles/47.png', 'Performance than available him leader fly. Wife condition official conference.\nBetween establish federal such. Leave as concern role member. Audience material room election establish my push.','1#0uTyVn*B', '2023-10-24T22:07:44.661234','{"settings": []}', 'active'),
	(48, 'xgreen', 'Paula Hughes', 'devin59@yahoo.com', '/images/profiles/48.png', 'Talk health more friend.\nSimple activity treatment goal. Respond full out with discuss add. Weight investment property resource find.','0J&73FXdiq', '2023-10-24T22:07:44.661234','{"settings": []}', 'active'),
	(49, 'audreyrogers', 'Allison Villarreal', 'smithchristopher@gmail.com', '/images/profiles/49.png', 'Join past write five than growth east. Take local enough alone force building. Short surface run accept sign.','!00vSEQcI^', '2023-10-24T22:07:44.661234','{"settings": []}', 'active');

INSERT INTO Products (id, slug, name, description, price, creationDate, imagePaths, soldBy) VALUES
	(0, '64538f61-74ad-412e-920c-3eb2c7e29264', 'Yellow trendy pajamas retro.', 'Each open pretty should. Similar tonight science management several science fill.\nFour together also service. View against item of Congress though mission. Police board coach tough room receive.', 76.17, '2023-10-24T22:07:44.661234', '{"/images/products/product.png"}', '0'),
	(1, 'aaefb80c-4eca-4153-81fe-7064ee4e5c8d', 'Vintage retro shorts pajamas whitecute cargo trendy t-shirt.', 'Food man dog. Cost environmental spend throughout. Glass military building home less pattern.\nToward air fire agency himself. Too quite themselves special defense. High left task PM huge.', 95.32, '2023-10-24T22:07:44.661234', '{"/images/products/product.png"}', '18'),
	(2, 'abf007c9-313f-4bcd-875d-f39668d64bc7', 'Goth red t-shirt shoes.', 'Actually base central station treatment. Staff current yes line health let third. Road school pattern price. Day report work.', 44.65, '2023-10-24T22:07:44.661234', '{"/images/products/product.png"}', '16'),
	(3, '3691f983-5bf9-40a4-983c-33ac110a662f', 'Yellow shorts sweat.', 'Dark recently make. Reflect effect member executive go sense suffer head.\nCustomer learn moment single space just. Challenge our spring because method future yeah. White name set.', 1.62, '2023-10-24T22:07:44.661234', '{"/images/products/product.png"}', '37'),
	(4, '1f057ea8-f078-4426-86ea-8fdc47b5aafa', 'Denim adidas shorts blue t-shirt pajamas denim.', 'Itself realize tax act price. Voice truth we never. Between economy none.\nExample focus case possible. Campaign me situation but local edge. Environment food service area necessary.', 63.03, '2023-10-24T22:07:44.661234', '{"/images/products/product.png"}', '35'),
	(5, 'ae5562f3-bc90-4a0d-8707-d29051f0c442', 'Pants shoes fancy denim.', 'Score attention present itself school. History space travel make his audience age today. Attack nor husband drive whose. Compare sport yeah way everything over my.', 70.98, '2023-10-24T22:07:44.661234', '{"/images/products/product.png"}', '44'),
	(6, '0b3a5f46-3814-400a-a262-4d563356999c', 'Fancy whitecute shoes blue pants t-shirt vintage.', 'Friend police foot peace feeling. Region travel sort close art if truth should. Dark risk sing concern.', 89.69, '2023-10-24T22:07:44.662233', '{"/images/products/product.png"}', '29'),
	(7, '5413c7e6-cf75-4355-a12b-3ca9359730a0', 'Jacket pants jeans goth necklace pants.', 'Enough man no. While eight yeah policy research do. Kitchen both war place.', 70.64, '2023-10-24T22:07:44.662233', '{"/images/products/product.png"}', '3'),
	(8, '8f230c13-f9b9-4312-8d24-f916b9648ba9', 'Blue shoes shorts retro whitecute.', 'Capital notice pay low year some a. Lay final message green color early cell. Into hope form surface assume whether stock building.', 53.28, '2023-10-24T22:07:44.662233', '{"/images/products/product.png"}', '46'),
	(9, '375c14c6-d9da-4274-a601-02ccc0117572', 'Denim jeans cargo nike retro vintage pants baby tea.', 'Knowledge read foot never trouble whole. Him through available floor letter right send baby.\nEasy commercial someone trip. Remember focus family usually walk peace role.', 42.75, '2023-10-24T22:07:44.662233', '{"/images/products/product.png"}', '48'),
	(10, 'a7e5bed4-3439-4631-8980-b74bc33aa756', 'T-Shirt shorts sweat vest goth cargo.', 'Here country consider. From risk president good green.\nDevelop state program him. Wall try woman foot performance kind. Group let wife.', 96.87, '2023-10-24T22:07:44.662233', '{"/images/products/product.png"}', '39'),
	(11, '35b16c08-b840-4680-88ef-c4de329c0315', 'Skirts cargo skirts fancy baby tea yellow necklace.', 'Sell section major everybody watch can bad important. Scene discuss story remember bed. Field along leader work safe.\nRecent unit carry store provide only. On must various everyone interest reveal.', 53.93, '2023-10-24T22:07:44.662233', '{"/images/products/product.png"}', '35'),
	(12, '94866cbc-b3fa-47e0-80c0-57f8b0711dda', 'Fancy adidas retro.', 'Key hit player brother add mean trade. Page include kitchen majority. Air adult term behavior author.\nDiscussion use various under miss direction north own.', 77.41, '2023-10-24T22:07:44.662233', '{"/images/products/product.png"}', '8'),
	(13, '95818b43-cbb0-405d-9850-0ff21b97e17c', 'Shoes skirts blue pajamas goth skirts pajamas.', 'Family affect second big interest deep break international. Class hear baby always.', 6.01, '2023-10-24T22:07:44.662233', '{"/images/products/product.png"}', '43'),
	(14, '72a9f6f1-8272-4660-b6cf-d7c1d1de941a', 'Retro cargo denim pajamas blue.', 'Agent wait close between. Run himself become their whether decide military let. Beat animal play catch need finally.\nFull box upon make.', 31.24, '2023-10-24T22:07:44.662233', '{"/images/products/product.png"}', '17'),
	(15, '779caf96-0341-43ae-bd94-2fada958357a', 'Yellow goth t-shirt pajamas.', 'Sing not he. Send when item summer.\nPublic feeling believe student condition. Theory baby adult team relate.\nTrue black hair again begin assume. Tv set little house month continue behind.', 25.89, '2023-10-24T22:07:44.662233', '{"/images/products/product.png"}', '46'),
	(16, '1600f9d6-2c8f-4fc5-b257-1bc4fcbb5286', 'Denim trendy necklace sweat pajamas.', 'Report see enough receive. Member agent body coach test military.\nWestern concern lot relate. Road either form lot prepare eat wish yeah. Group act citizen approach also account interesting.', 39.58, '2023-10-24T22:07:44.662233', '{"/images/products/product.png"}', '6'),
	(17, '0ae0f02f-b18d-4a21-84de-db93949a48bb', 'Skirts goth skirts baby tea trendy shirt nike.', 'Else seven suggest enter note action. Ago ground owner purpose. Speak garden assume see line not hold.\nScene customer buy. Current carry become share into. Best color year couple in.', 25.48, '2023-10-24T22:07:44.663231', '{"/images/products/product.png"}', '13'),
	(18, '9060447b-b13f-4ce7-b95e-986f6857039e', 'Vest yellow necklace red cargo.', 'They way food direction become area another. Race difference read another. Community apply exactly might world old.', 77.19, '2023-10-24T22:07:44.663231', '{"/images/products/product.png"}', '37'),
	(19, '0602f742-7db6-4be3-9dd0-201552a0df18', 'Vest fancy jacket whitecute.', 'Benefit music federal too interesting you. Range to different because.\nHead cell thousand. Throughout white change although learn decision home.', 99.88, '2023-10-24T22:07:44.663231', '{"/images/products/product.png"}', '5'),
	(20, '39d6d2db-1cb4-470a-bfbc-a964d157609b', 'Shirt jacket cargo goth fancy skirts.', 'Heart table figure number attention. Its deep industry forget moment life mention.\nDog order ask job major ability left industry. Rather you official sister third.', 10.99, '2023-10-24T22:07:44.663231', '{"/images/products/product.png"}', '37'),
	(21, 'a5b672df-fcae-4797-9ebf-cd71e643c86d', 'Red sweat adidas.', 'Evidence recognize note citizen. Which scientist piece have morning thing. Least prepare sense.', 44.35, '2023-10-24T22:07:44.663231', '{"/images/products/product.png"}', '16'),
	(22, 'a55c29d7-e930-47ff-8e73-7083af56dc98', 'Pants necklace pants t-shirt blue.', 'Pull this measure very take suffer. Tree most blood claim serious kid. Population wish serve. Produce together current room include do environment.', 72.43, '2023-10-24T22:07:44.663231', '{"/images/products/product.png"}', '14'),
	(23, 'acc5d0bb-5406-4f41-a517-b053c3e6f22f', 'Yellow sweat shoes denim shoes.', 'Write already down when determine again center tend. Far fall look pull south how page.\nDown value benefit listen subject. Give cultural shake effort image ability.', 32.69, '2023-10-24T22:07:44.663231', '{"/images/products/product.png"}', '27'),
	(24, '0c5a1b26-7650-40a0-a4b2-dcfe7e7b0a96', 'Vintage fancy fancy sweat necklace whitecute goth.', 'Score program science find. Marriage material kind capital part.\nBetter court such hour can.\nNearly service sense current. Order crime feeling training raise green knowledge.', 63.99, '2023-10-24T22:07:44.663231', '{"/images/products/product.png"}', '16'),
	(25, 'b4eee036-36d0-4680-bb18-518a0cb0015f', 'Nike shoes shorts t-shirt.', 'Alone product agree various dinner. Sense chance front sometimes. Low far professional project wall.', 5.75, '2023-10-24T22:07:44.663231', '{"/images/products/product.png"}', '7'),
	(26, '72659039-33ef-4630-9af9-f0db640bdea4', 'Trendy fancy blue retro shorts trendy vest jacket.', 'Sign south real under employee single. Alone enter or explain none office state building.\nHead real administration return be else. Most action notice interview.', 21.39, '2023-10-24T22:07:44.663231', '{"/images/products/product.png"}', '12'),
	(27, 'af79182f-77aa-4309-b03d-8fa6ae8d099b', 'Jacket retro whitecute jacket.', 'Ten stay enough return. People hold large another hit fund. Red radio we instead security forward traditional college.', 56.0, '2023-10-24T22:07:44.664231', '{"/images/products/product.png"}', '0'),
	(28, '98b39786-7d83-41e9-a006-f230d945f41a', 'Denim denim t-shirt baby tea sweat.', 'Goal professor look rather form apply paper scientist. Dog certain type include.\nPlant network consider piece tough. Call work indeed. Ten keep full usually.', 7.75, '2023-10-24T22:07:44.664231', '{"/images/products/product.png"}', '40'),
	(29, 'b10cbadb-a867-4e1e-81fd-c2ac7bd1aace', 'Denim pajamas cargo cargo t-shirt.', 'Father pull ever. Cost standard just lose national positive successful view. Quality oil above over and create network.', 12.92, '2023-10-24T22:07:44.664231', '{"/images/products/product.png"}', '45'),
	(30, 'b734bd67-8be5-4def-8883-b3965dabc7e9', 'Fancy jeans baby tea.', 'Party side require song provide almost weight. Energy note art decade.\nEach write quality night window best. Power buy front difficult staff result.', 71.61, '2023-10-24T22:07:44.664231', '{"/images/products/product.png"}', '28'),
	(31, '785aa623-1ad5-4b9b-9a5a-9e8b9e1a004c', 'Vest denim jeans nike.', 'Stay strong the game identify nation expect. Probably top often yourself building attorney reveal grow.\nRise beyond rate man. Finish job more official. Property store back staff time hotel.', 70.48, '2023-10-24T22:07:44.664231', '{"/images/products/product.png"}', '10'),
	(32, '2ce4fcad-5f57-48ca-b5c1-ab2db6f10f8c', 'Vest yellow whitecute necklace.', 'Bill term now quality all newspaper voice stuff. Sure decide some edge think world.\nQuestion analysis common season throw gun. Help Democrat including anyone activity.', 53.86, '2023-10-24T22:07:44.664231', '{"/images/products/product.png"}', '7'),
	(33, 'f4a71fba-2053-492d-b559-1bd02f0ff791', 'Goth fancy t-shirt.', 'Stand election put. Blood hundred eight need million there home. Head industry growth soldier. Score part join knowledge black clearly.', 84.56, '2023-10-24T22:07:44.664231', '{"/images/products/product.png"}', '1'),
	(34, '92f186ec-adde-4e44-ab50-dead9f00eddf', 'Goth blue adidas jacket vintage blue.', 'Wonder conference former political activity along possible. Never would certain never leg town.\nStructure bad house. Yard watch ask health sort word name manage.', 56.33, '2023-10-24T22:07:44.664231', '{"/images/products/product.png"}', '2'),
	(35, '65a16168-8358-44a3-b706-e1c8cc6bd6bb', 'Adidas cargo shorts yellow red cargo.', 'Man also end rule fight over decade north. Past how ten owner. My whatever account almost own west.', 66.91, '2023-10-24T22:07:44.664231', '{"/images/products/product.png"}', '1'),
	(36, '69c272bf-a6b5-474a-be9e-048e67bf2d44', 'Jeans shorts t-shirt shorts pajamas necklace vintage.', 'Decade age various material small. Always bed lay sometimes accept.\nBeat town movement seek. Foot range rise night surface cup benefit official. Wall positive until.', 28.99, '2023-10-24T22:07:44.664231', '{"/images/products/product.png"}', '30'),
	(37, '9116d1ae-751f-40a8-86d7-1a9e29bbc64e', 'Trendy vintage jacket jeans necklace adidas cargo fancy.', 'Determine face season born. Price technology everything test surface conference attorney bad. Chance for view choose and.', 37.85, '2023-10-24T22:07:44.665231', '{"/images/products/product.png"}', '19'),
	(38, '21b763ac-e429-4af3-87a1-8c9400b9a6d9', 'Red sweat shoes adidas cargo vest.', 'Toward own person term rather occur. Doctor soldier body hard debate around low. Lay shake either mind benefit want.', 46.01, '2023-10-24T22:07:44.665231', '{"/images/products/product.png"}', '15'),
	(39, 'cf114119-876d-4e14-8f5b-41f2dc58a4ad', 'Jeans baby tea goth blue.', 'Shake inside part understand time attack. Pull not conference education white. On language hope someone event pressure. North smile indeed cost arrive never market.', 79.89, '2023-10-24T22:07:44.665231', '{"/images/products/product.png"}', '38'),
	(40, '20a05203-b899-45c0-9fe9-e102b2009606', 'Nike red pants sweat.', 'Successful station bring affect. Everybody finally chance general team fact. Need image keep American adult.\nYourself suddenly thus. Difference walk in risk.\nEye might even why.', 95.51, '2023-10-24T22:07:44.665231', '{"/images/products/product.png"}', '12'),
	(41, '1f86962e-422b-412d-a63c-f5e9aa93e63d', 'Shoes necklace cargo.', 'Until win road run modern ball international risk.\nBag us just throughout ago. Discussion program market year who. War behavior face.', 1.12, '2023-10-24T22:07:44.665231', '{"/images/products/product.png"}', '13'),
	(42, '1614bde4-37e0-407d-962f-09e59fdfdc9e', 'Fancy pants skirts baby tea whitecute jeans.', 'Training three room. Suddenly though name record million now.\nSame factor war week. Your travel idea even. Floor senior arrive home people.', 80.01, '2023-10-24T22:07:44.665231', '{"/images/products/product.png"}', '31'),
	(43, 'b0f3236c-8487-4aff-b932-3b5d2569734a', 'Baby Tea nike skirts retro shirt whitecute.', 'Writer effect prevent. Drop per guy stand several idea. Drive bit operation democratic hospital institution general.\nThree arm it for could pay. Dark detail pass her director. Own fund expect gas.', 13.89, '2023-10-24T22:07:44.665231', '{"/images/products/product.png"}', '39'),
	(44, 'f159c597-bd6b-4fe6-ae57-4a47c5fd02aa', 'Vintage adidas yellow sweat.', 'Safe box unit her beat low force.\nWithout meet evening chair nor argue. Only note significant one hospital call every. Cold next herself sell million.', 59.73, '2023-10-24T22:07:44.665231', '{"/images/products/product.png"}', '24'),
	(45, '9f51a066-b850-47d3-897f-07e317ab2f3a', 'Retro red jacket t-shirt adidas pajamas.', 'While late true. Pretty bad through understand region painting. Third plan wind almost offer significant choice. Wonder student example all team one create.', 36.99, '2023-10-24T22:07:44.665231', '{"/images/products/product.png"}', '42'),
	(46, '957f7e47-dfc7-4f03-a048-9cc4b0eeee95', 'Jacket denim vest retro shirt whitecute whitecute baby tea.', 'Sort eat against act. Environment send room activity. Son conference box rule commercial partner mean.', 11.46, '2023-10-24T22:07:44.665231', '{"/images/products/product.png"}', '6'),
	(47, 'b0acc03d-2b23-4f64-b168-8b363627b592', 'Pajamas skirts blue adidas skirts nike.', 'Person they worry much see coach special. Level risk moment word baby while remember hear.', 94.94, '2023-10-24T22:07:44.665231', '{"/images/products/product.png"}', '45'),
	(48, 'b7fe7668-0c70-4aa7-a1c8-a7e1fe4dbb4f', 'Whitecute denim yellow baby tea jeans.', 'Brother ago crime character health teach reality. Push bar pay their. Computer central about summer.\nBeautiful difficult yeah. Manager wind follow whatever tough.', 10.34, '2023-10-24T22:07:44.666231', '{"/images/products/product.png"}', '36');

INSERT INTO Orders (id, creationDate, status) VALUES
	(0, '2023-10-24T22:07:44.666231', 'requestCancellation'),
	(1, '2023-10-24T22:07:44.666231', 'received'),
	(2, '2023-10-24T22:07:44.666231', 'requestCancellation'),
	(3, '2023-10-24T22:07:44.666231', 'shipped');

INSERT INTO OrderProduct (product, orderId, discount) VALUES
	(8, 0, 22.76),
	(7, 1, 34.77),
	(34, 2, 55.24),
	(3, 2, 1.35),
	(23, 2, 7.86),
	(10, 3, 74.44),
	(39, 3, 76.57),
	(1, 3, 48.27),
	(42, 3, 47.66);

INSERT INTO ProductAttributes (product, key, value) VALUES
	(0, 'Color', 'Orange'),
	(0, 'Brand', 'Pull&Bear'),
	(3, 'Size', 'XL'),
	(4, 'Color', 'White'),
	(6, 'Color', 'Pink'),
	(8, 'Brand', 'Shein'),
	(8, 'Size', 'S'),
	(11, 'Size', 'M'),
	(14, 'Brand', 'Adidas'),
	(14, 'Size', '36'),
	(17, 'Brand', 'H&M'),
	(17, 'Color', 'Pink'),
	(18, 'Size', '40'),
	(20, 'Size', 'XL'),
	(20, 'Color', 'Orange'),
	(21, 'Brand', 'H&M'),
	(23, 'Color', 'Orange'),
	(23, 'Brand', 'Shein'),
	(25, 'Brand', 'Nike'),
	(25, 'Size', 'S'),
	(26, 'Color', 'Pink'),
	(26, 'Brand', 'Zara'),
	(28, 'Size', '40'),
	(28, 'Color', 'Blue'),
	(29, 'Size', 'L'),
	(30, 'Size', '38'),
	(30, 'Brand', 'Shein'),
	(32, 'Color', 'Orange'),
	(33, 'Color', 'Orange'),
	(34, 'Brand', 'Adidas'),
	(35, 'Size', 'L'),
	(36, 'Color', 'Red'),
	(36, 'Size', 'S'),
	(39, 'Color', 'Red'),
	(44, 'Brand', 'Shein'),
	(45, 'Color', 'Orange');

INSERT INTO ProductWishlist (product, belongsTo) VALUES
	(20, 0),
	(0, 0),
	(38, 1),
	(9, 1),
	(29, 1),
	(12, 1),
	(40, 1),
	(23, 1),
	(29, 2),
	(30, 2),
	(22, 2),
	(26, 2),
	(21, 2),
	(5, 2),
	(33, 2),
	(46, 2),
	(23, 3),
	(18, 3),
	(40, 4),
	(6, 4),
	(46, 5),
	(21, 5),
	(19, 5),
	(8, 5),
	(25, 6),
	(18, 6),
	(14, 6),
	(43, 6),
	(37, 6),
	(24, 6),
	(31, 6),
	(7, 6),
	(4, 6),
	(13, 6),
	(27, 7),
	(45, 7),
	(28, 7),
	(7, 7),
	(23, 7),
	(19, 7),
	(47, 7),
	(41, 8),
	(36, 8),
	(21, 8),
	(10, 8),
	(19, 8),
	(6, 9),
	(42, 9),
	(30, 9),
	(16, 10),
	(3, 11),
	(38, 11),
	(24, 11),
	(25, 12),
	(2, 12),
	(8, 12),
	(34, 12),
	(36, 12),
	(1, 13),
	(4, 13),
	(22, 13),
	(5, 13),
	(40, 13),
	(30, 13),
	(9, 14),
	(8, 14),
	(35, 14),
	(4, 15),
	(43, 16),
	(32, 16),
	(29, 16),
	(3, 16),
	(1, 16),
	(24, 16),
	(23, 17),
	(22, 18),
	(37, 19),
	(15, 19),
	(6, 19),
	(26, 19),
	(40, 19),
	(45, 19),
	(30, 19),
	(36, 20),
	(2, 20),
	(11, 20),
	(38, 20),
	(26, 20),
	(47, 20),
	(40, 20),
	(27, 20),
	(34, 20),
	(28, 20),
	(4, 21),
	(5, 22),
	(26, 22),
	(17, 23),
	(8, 23),
	(11, 23),
	(3, 23),
	(38, 23),
	(33, 23),
	(47, 24),
	(22, 24),
	(21, 24),
	(13, 24),
	(18, 24),
	(30, 25),
	(2, 25),
	(27, 25),
	(29, 25),
	(33, 25),
	(36, 25),
	(42, 25),
	(21, 26),
	(2, 27),
	(10, 27),
	(31, 28),
	(7, 28),
	(24, 28),
	(40, 28),
	(44, 29),
	(23, 29),
	(0, 29),
	(15, 29),
	(38, 29),
	(19, 29),
	(31, 29),
	(25, 29),
	(37, 29),
	(41, 29),
	(1, 30),
	(37, 30),
	(40, 30),
	(36, 30),
	(22, 30),
	(8, 30),
	(39, 31),
	(11, 31),
	(5, 31),
	(42, 32),
	(36, 32),
	(27, 32),
	(30, 32),
	(34, 32),
	(4, 32),
	(47, 33),
	(8, 33),
	(28, 33),
	(10, 33),
	(38, 33),
	(2, 34),
	(42, 34),
	(8, 34),
	(10, 35),
	(26, 35),
	(35, 35),
	(43, 35),
	(33, 35),
	(30, 35),
	(42, 35),
	(44, 35),
	(3, 36),
	(26, 36),
	(18, 36),
	(33, 36),
	(6, 36),
	(43, 36),
	(40, 36),
	(31, 36),
	(44, 36),
	(37, 37),
	(29, 38),
	(39, 38),
	(10, 38),
	(22, 38),
	(3, 38),
	(38, 38),
	(41, 38),
	(32, 39),
	(2, 39),
	(26, 39),
	(48, 39),
	(20, 39),
	(3, 39),
	(21, 39),
	(41, 39),
	(38, 40),
	(36, 40),
	(4, 40),
	(21, 40),
	(15, 40),
	(30, 40),
	(6, 40),
	(28, 41),
	(46, 41),
	(18, 41),
	(38, 41),
	(8, 41),
	(27, 42),
	(1, 42),
	(42, 42),
	(2, 42),
	(25, 43),
	(5, 44),
	(29, 44),
	(7, 44),
	(43, 45),
	(14, 45),
	(23, 45),
	(10, 45),
	(39, 45),
	(13, 45),
	(45, 46),
	(40, 47),
	(34, 47),
	(44, 47),
	(41, 47),
	(42, 47),
	(33, 47),
	(23, 48),
	(32, 49),
	(47, 49),
	(40, 49),
	(13, 49),
	(18, 49),
	(33, 49),
	(16, 49),
	(27, 49),
	(34, 49);
