SET search_path TO lbaw23107;

INSERT INTO Attributes(id, key, value) VALUES
	(0,'Size', 'S'),
	(1,'Size', 'M'),
	(2,'Size', 'L'),
	(3,'Size', 'XL'),
	(4,'Size', 'XXL'),
	(5,'Size', '36'),
	(6,'Size', '38'),
	(7,'Size', '40'),
	(8,'Brand', 'Zara'),
	(9,'Brand', 'Adidas'),
	(10,'Brand', 'Pull&Bear'),
	(11,'Brand', 'Springfield'),
	(12,'Brand', 'H&M'),
	(13,'Brand', 'Nike'),
	(14,'Brand', 'Bershka'),
	(15,'Brand', 'Stradivarius'),
	(16,'Brand', 'Primark'),
	(17,'Brand', 'Shein'),
	(18,'Color', 'Red'),
	(19,'Color', 'Blue'),
	(20,'Color', 'White'),
	(21,'Color', 'Pink'),
	(22, 'Color', 'Orange');

INSERT INTO Users (id, username, displayName, email, profileImagePath, bio, password, creationDate, settings, accountStatus) VALUES
	(0, 'hsmith', 'James Manning', 'mhorton@yahoo.com', '/images/profiles/0.png', 'All send good floor within impact movie environmental. Tend claim describe speak indicate.\nGround form read loss. Road far operation best.','s0uRJet0+I', '2023-10-29T16:41:10.967427','{"settings": []}', 'active'),
	(1, 'ybutler', 'Natalie Winters', 'stacy89@hotmail.com', '/images/profiles/1.png', 'Available training all. Show onto edge enough. Daughter when industry sister.\nDraw glass country. Look near piece do wear. Long pretty within child anyone.','nKi8!Mk3&I', '2023-10-29T16:41:10.967435','{"settings": []}', 'active'),
	(2, 'anthonywalker', 'Travis Schmidt', 'mccartytimothy@yahoo.com', '/images/profiles/2.png', 'Generation tough health rather. List most watch inside also machine.\nCandidate beautiful fast accept same key news. Eye card night. Continue window those little.','_AG)h$Nig0', '2023-10-29T16:41:10.967438','{"settings": []}', 'active'),
	(3, 'cynthia66', 'William Bush', 'carmentanner@yahoo.com', '/images/profiles/3.png', 'To pretty just myself gas. Find worry specific establish clearly respond.\nAlong campaign door care shake speech watch. Manage item wait well account Mrs. Authority so student.','!VG@i(eVZ0', '2023-10-29T16:41:10.967440','{"settings": []}', 'active'),
	(4, 'alyssa06', 'Sydney Mccann', 'gregorybutler@gmail.com', '/images/profiles/4.png', 'Executive identify plant. Parent management address.\nBlack crime his force.\nStory case movement single appear. Either service reveal world quality ten.','9l0Pj+q!)3', '2023-10-29T16:41:10.967442','{"settings": []}', 'active'),
	(5, 'manuel46', 'Sheila Reid', 'dmartinez@hotmail.com', '/images/profiles/5.png', 'Send magazine soldier. Wear military former Congress. Prove development upon issue poor.\nLearn memory section pick wish young. Hit leg set meet institution rather.','4bCZhz^j)7', '2023-10-29T16:41:10.967444','{"settings": []}', 'active'),
	(6, 'pierceapril', 'Alexis Carter', 'amanda13@yahoo.com', '/images/profiles/6.png', 'Should manager use describe term. Fall market theory north impact report. Majority owner full chance.','ap$U2Jrjlz', '2023-10-29T16:41:10.967446','{"settings": []}', 'active'),
	(7, 'walkerbarry', 'Roger Conrad', 'stephanie39@hotmail.com', '/images/profiles/7.png', 'Grow road specific city research save throughout relationship. Really agree financial best culture. Property direction model kid him college community.\nAct cold standard. Ball some various.','(2Q@vpew4D', '2023-10-29T16:41:10.967448','{"settings": []}', 'active'),
	(8, 'rcortez', 'Carl Camacho', 'stephenmiller@gmail.com', '/images/profiles/8.png', 'Check board name industry four team. End board imagine charge mission style. Country only determine especially hold.\nForce paper shake little region talk hold. Case prepare reality central.','c(+6+Zzf_N', '2023-10-29T16:41:10.967450','{"settings": []}', 'active'),
	(9, 'psanchez', 'Kelly Wells', 'bobby00@hotmail.com', '/images/profiles/9.png', 'Standard economic lead. Us he a friend tax throughout.\nTown PM unit fast must. Nor particular during thought. Entire letter leader lot effect risk give.','o#I0VMm&op', '2023-10-29T16:41:10.967460','{"settings": []}', 'active'),
	(10, 'sburgess', 'Kevin Watts', 'tapianathan@gmail.com', '/images/profiles/10.png', 'Will billion fear total every modern movie. Force could consumer build institution.',')#0YZBqwM6', '2023-10-29T16:41:10.967462','{"settings": []}', 'active'),
	(11, 'peterevans', 'Steven Farmer', 'jessicalewis@gmail.com', '/images/profiles/11.png', 'Mouth material second thousand bill on. Herself participant together compare.','$9F8zisPO8', '2023-10-29T16:41:10.967466','{"settings": []}', 'active'),
	(12, 'haleydelacruz', 'Lisa Fisher', 'davidgonzalez@gmail.com', '/images/profiles/12.png', 'Message score range ahead thing. Personal inside these occur full officer per. Key term bad.\nSound soon throw gas field despite rich. Operation center manage call seek. On part late role.','buIb_6p!%3', '2023-10-29T16:41:10.967468','{"settings": []}', 'active'),
	(13, 'emilyjimenez', 'Abigail Lee', 'stephenanderson@gmail.com', '/images/profiles/13.png', 'Turn newspaper easy impact pressure push remember. Everybody evidence together body billion body. Open provide strong section.\nWall officer here but toward.','OD%q2Hojp%', '2023-10-29T16:41:10.967469','{"settings": []}', 'active'),
	(14, 'nathanielwatson', 'Danielle Herrera', 'beth49@hotmail.com', '/images/profiles/14.png', 'Table seek prevent add fight activity. Hit policy someone bit. Water go place great.','+1taCLgwpg', '2023-10-29T16:41:10.967472','{"settings": []}', 'active'),
	(15, 'james03', 'Joseph Romero', 'lawrencecastillo@gmail.com', '/images/profiles/15.png', 'Month speak impact.\nPage protect moment physical against product. Surface must fund book process enter purpose care. Apply ability oil point and election. Off hospital candidate her mean civil.','8H%0U#mLW!', '2023-10-29T16:41:10.967473','{"settings": []}', 'active'),
	(16, 'daniel62', 'Brittany Holloway', 'johnsonjennifer@hotmail.com', '/images/profiles/16.png', 'Usually watch subject dog author argue main. Everything hit decide water.','__4OlPBuhc', '2023-10-29T16:41:10.967475','{"settings": []}', 'active'),
	(17, 'molly63', 'Henry Adams', 'sduncan@yahoo.com', '/images/profiles/17.png', 'Service good reality though. Left whatever boy training guy fire speak.\nUnderstand again news enjoy suddenly. Including spend baby far study add.','h4CzxN5A)o', '2023-10-29T16:41:10.967477','{"settings": []}', 'active'),
	(18, 'mitchellkatelyn', 'Susan Johnson', 'mckeeamanda@hotmail.com', '/images/profiles/18.png', 'Result song different reflect really capital picture something.\nRule growth career hour east go special.','A$6Vj83lxc', '2023-10-29T16:41:10.967478','{"settings": []}', 'active'),
	(19, 'john03', 'Mary Edwards', 'nataliecallahan@hotmail.com', '/images/profiles/19.png', 'Consider commercial series institution career become. Toward rather effect treatment son high. Only within house subject.\nNor avoid north room marriage. Middle another style.','$I%8H^Zp^(', '2023-10-29T16:41:10.967480','{"settings": []}', 'active'),
	(20, 'nhuang', 'Crystal Reed', 'walkerscott@gmail.com', '/images/profiles/20.png', 'Ask chair travel whom. Father bank consumer way instead election box.\nMiddle collection themselves money lot.\nEvent system generation. Term expert relationship arm sit music.','x)8WAbzdn$', '2023-10-29T16:41:10.967482','{"settings": []}', 'active'),
	(21, 'angelapeterson', 'Peggy Tyler', 'brian60@yahoo.com', '/images/profiles/21.png', 'Mission particularly TV finally cause environment three bag. Management its lead within.\nChurch thing trade beautiful. Unit fine prepare final race inside under.','q)6xCzZhcY', '2023-10-29T16:41:10.967484','{"settings": []}', 'active'),
	(22, 'josephhall', 'Richard Gray', 'jerrymartinez@yahoo.com', '/images/profiles/22.png', 'Same trade suggest fill brother this. Before security language grow. Every well worker have side ok glass plant.\nArrive anything recent front company. Debate church bank certain.','SP$36uSnF2', '2023-10-29T16:41:10.967487','{"settings": []}', 'active'),
	(23, 'sextonmark', 'Frank Wilson', 'justin88@yahoo.com', '/images/profiles/23.png', 'While upon place protect. Capital air read rule nation.\nSea forget look certainly. Large end three tree table.\nPublic physical foot doctor nothing several somebody.','#7GZ&x5R)b', '2023-10-29T16:41:10.967489','{"settings": []}', 'active'),
	(24, 'bryan85', 'Sarah Jensen', 'rhodesnicholas@hotmail.com', '/images/profiles/24.png', 'Arrive window anything possible compare production simply. Agent nation speak.\nKnow institution mother his page of. Central answer yes actually attention war. Way no sense.','^piuHegr$8', '2023-10-29T16:41:10.967539','{"settings": []}', 'active'),
	(25, 'ginagray', 'Ian Sharp', 'prodriguez@yahoo.com', '/images/profiles/25.png', 'Sense into put stay amount nor how. Past laugh among example. Card wish teacher defense least price once.\nBecome else factor election. Open purpose none approach.','JN9*Ed5a)M', '2023-10-29T16:41:10.967544','{"settings": []}', 'active'),
	(26, 'matthew75', 'Christopher Vasquez', 'josephrodriguez@yahoo.com', '/images/profiles/26.png', 'Himself social risk anything blue. Office night region strong.\nAs would nothing start rich.\nBad each spend data data best. Mention environmental seek program light middle practice.','yW%5pNmhg&', '2023-10-29T16:41:10.967547','{"settings": []}', 'active'),
	(27, 'charles16', 'Edward Bates', 'dawncampbell@hotmail.com', '/images/profiles/27.png', 'Whatever economy several line serious.\nYeah moment community training. Whose wrong weight notice.\nForget space treatment car themselves. Mean he speech everyone. Senior article affect.','@qp0Svvc^$', '2023-10-29T16:41:10.967549','{"settings": []}', 'active'),
	(28, 'pittsnatasha', 'Lori Koch DDS', 'marymunoz@yahoo.com', '/images/profiles/28.png', 'Out morning well street send case. Image nature even pretty top find speech. Product executive how matter price fine hundred.','%M@7LRexMQ', '2023-10-29T16:41:10.967552','{"settings": []}', 'active'),
	(29, 'hgonzalez', 'Paul Wagner', 'wongelizabeth@yahoo.com', '/images/profiles/29.png', 'Price approach knowledge. Lose above hotel carry pull recognize protect half.\nFall increase authority support business. Capital enter better six woman trip.','1nPLbCxb(Q', '2023-10-29T16:41:10.967554','{"settings": []}', 'active'),
	(30, 'sotogavin', 'Kaitlyn Bishop', 'connermichael@gmail.com', '/images/profiles/30.png', 'Enough expect performance protect.\nTake record sense dark fine run. Feel but cold knowledge. Just cut report analysis factor anyone will. Off article development road power right network.','8tkA)Uvq&8', '2023-10-29T16:41:10.967557','{"settings": []}', 'active'),
	(31, 'dannyfrye', 'Deborah Mckee', 'glennkelly@gmail.com', '/images/profiles/31.png', 'Hot conference tend window especially. Final audience board rather. Maintain necessary adult customer back. Very again a whatever pass throughout.','Mc)7Esh0xu', '2023-10-29T16:41:10.967559','{"settings": []}', 'active'),
	(32, 'cervantesmark', 'Christopher Kent', 'karenmccullough@hotmail.com', '/images/profiles/32.png', 'Possible mission someone. Some soon person that capital action two. Great north while add past view activity.','s4ZHw4%%)6', '2023-10-29T16:41:10.967562','{"settings": []}', 'active'),
	(33, 'goldensherri', 'Elizabeth Smith', 'pearsonerica@hotmail.com', '/images/profiles/33.png', 'Last develop production difference land. Mission speak address few something. Decade activity consumer surface Mr.\nClose result hit degree current they. Increase race story.','T!51Mcv@Uo', '2023-10-29T16:41:10.967565','{"settings": []}', 'active'),
	(34, 'aaron01', 'Joseph Hood', 'zstewart@gmail.com', '/images/profiles/34.png', 'Trial play might one participant check establish. Notice affect social west condition. Friend gun protect poor plant order if.\nMaintain true certainly across. College up size agree.','Zhv1PDkPY%', '2023-10-29T16:41:10.967567','{"settings": []}', 'active'),
	(35, 'ugraham', 'Heather Bryant', 'pattersonjay@hotmail.com', '/images/profiles/35.png', 'Site dog stand world authority weight none. Three person final during grow look ago. Month stop issue quickly five.','$J+ID_hJ0&', '2023-10-29T16:41:10.967570','{"settings": []}', 'active'),
	(36, 'adam53', 'Thomas Williams', 'kristy76@yahoo.com', '/images/profiles/36.png', 'Rather detail throw response gun drop should response. Else with tend goal if save crime decision. Than front movie fund account experience cultural.','78iA0qEeh_', '2023-10-29T16:41:10.967573','{"settings": []}', 'active'),
	(37, 'kimberlygordon', 'Jody George', 'hojames@gmail.com', '/images/profiles/37.png', 'Respond information probably decide last form hundred. Night law once consumer thing trip. Direction admit clear wonder pick list go.\nIdentify his order another. Moment might political.','_T1%vLhlLQ', '2023-10-29T16:41:10.967575','{"settings": []}', 'active'),
	(38, 'sarahsparks', 'Edward Howard', 'angelareynolds@hotmail.com', '/images/profiles/38.png', 'Change buy ago guy. Audience close among end run property discuss. Address new special figure color hot woman.\nMr idea result skill. Chance citizen recently out part.','xs1WX1bx@4', '2023-10-29T16:41:10.967578','{"settings": []}', 'active'),
	(39, 'denniscoleman', 'Sara Cook', 'nconrad@yahoo.com', '/images/profiles/39.png', 'Officer should accept current. Style assume look institution foot.\nNone red little simply. Bit past perform education yourself memory court glass.','%0*zWLyfG8', '2023-10-29T16:41:10.967581','{"settings": []}', 'active'),
	(40, 'jordanstephanie', 'Dawn Collins', 'angelapatton@gmail.com', '/images/profiles/40.png', 'Pay if deep generation. Out fear interview huge support while pass. Event return lot light newspaper.\nTree them thought across race religious nor good. Feeling cup form wait parent important choose.','0r6%8SYTG#', '2023-10-29T16:41:10.967583','{"settings": []}', 'active'),
	(41, 'iaustin', 'Ashley Coleman', 'dominguezbrittany@yahoo.com', '/images/profiles/41.png', 'Activity save detail maybe century. Much administration politics our design. Floor paper election try build toward part.','md1L4Rh)u&', '2023-10-29T16:41:10.967587','{"settings": []}', 'active'),
	(42, 'rbaldwin', 'Kevin Reeves', 'conleymark@hotmail.com', '/images/profiles/42.png', 'Front method that crime. Tv your power region create water.\nBag when open amount those both example. Fill prove data low condition million main.','@8VFw4HYwg', '2023-10-29T16:41:10.967589','{"settings": []}', 'active'),
	(43, 'phorne', 'Aaron Weber', 'awilkinson@yahoo.com', '/images/profiles/43.png', 'Win moment organization doctor. Growth discover go find stage. Hot when protect list I. Forward control these seat hospital coach.','_g7JDtt2du', '2023-10-29T16:41:10.967592','{"settings": []}', 'active'),
	(44, 'pmitchell', 'Brandy Mendez', 'morenoscott@hotmail.com', '/images/profiles/44.png', 'And fight main start. Range official pass. Yet method situation not.\nEnergy continue because brother investment. Design I church. Myself include dark oil we dog wear.','!jK9nDTL(9', '2023-10-29T16:41:10.967595','{"settings": []}', 'active'),
	(45, 'ashlee77', 'Lisa Miller', 'campbellmark@hotmail.com', '/images/profiles/45.png', 'Property conference system because. They operation main either exactly feel whole. Price enter sing.\nIndividual fund number hot. Culture stand information deal itself truth. How official seat.','+2(IbCLf%F', '2023-10-29T16:41:10.967598','{"settings": []}', 'active'),
	(46, 'rachelsmith', 'George House', 'gabriellarichardson@yahoo.com', '/images/profiles/46.png', 'Face still itself successful wrong. Determine sure share official significant pick various short.\nThere accept matter night. Major behind return already general skin.','P@o6IJ(h_W', '2023-10-29T16:41:10.967601','{"settings": []}', 'active'),
	(47, 'coreykerr', 'Nicole Rice', 'michaeljohnson@hotmail.com', '/images/profiles/47.png', 'He free car least.\nHair responsibility time dog still.\nHouse everybody simply affect notice wife. Season us personal through trouble husband share new.','pZUB+zY#*3', '2023-10-29T16:41:10.967603','{"settings": []}', 'active'),
	(48, 'rnixon', 'Colleen Lee', 'mblake@gmail.com', '/images/profiles/48.png', 'Behavior particularly southern. Rule soldier thousand involve foreign maybe.\nGuy nation on ask. Guy part go power born drop interest. Allow political check admit perhaps.','5yRUa79h&s', '2023-10-29T16:41:10.967606','{"settings": []}', 'active'),
	(49, 'tommyfox', 'Amber Acosta', 'nrose@gmail.com', '/images/profiles/49.png', 'Sing term energy teacher pick spend. Receive office goal idea police anything. Choice man pass tree. Return same note serve parent fall.','5iZxEmd3@d', '2023-10-29T16:41:10.967626','{"settings": []}', 'active');

INSERT INTO Products (id, slug, name, description, price, creationDate, imagePaths, soldBy) VALUES
	(0, 'd5f3f4f7-5490-445e-aee2-2442dbcfe457', 'T-Shirt retro blue cargo red shoes.', 'Teacher rate factor discover.\nRest subject leg paper. Animal nor yourself several grow rest.', 56.78, '2023-10-29T16:41:10.967766', '{"/images/products/product.png"}', '41'),
	(1, '199b4de4-d4b0-46ea-b7b0-48250c473e64', 'Baby Tea red t-shirt adidas vintage pajamas pajamas.', 'Without prepare around production how. Senior service again his civil. Until hair so worry.', 59.7, '2023-10-29T16:41:10.967839', '{"/images/products/product.png"}', '41'),
	(2, 'b7986059-f6f4-41a5-8404-c1f3adeb4ba2', 'Nike sweat pajamas vintage shorts goth.', 'Whether theory second visit. Stuff worker plant PM rise outside hear.', 39.92, '2023-10-29T16:41:10.967891', '{"/images/products/product.png"}', '25'),
	(3, '6c6390a7-4ab8-4870-93db-0a38d7567b98', 'T-Shirt adidas shorts adidas denim.', 'Concern cost Mrs create feel develop middle. Phone son individual smile anyone. Better oil deep kid really represent.\nWestern four though garden.', 84.7, '2023-10-29T16:41:10.967949', '{"/images/products/product.png"}', '27'),
	(4, '875f4793-d437-4149-8c1a-9fd1baeaeb2b', 'Whitecute pants baby tea trendy shorts nike.', 'Street management that situation. Voice decide put activity real talk full. Author film force.', 22.82, '2023-10-29T16:41:10.967997', '{"/images/products/product.png"}', '46'),
	(5, '8a6b2e4b-53dc-498d-904a-347ff81a7f67', 'Yellow goth nike blue t-shirt t-shirt pajamas trendy.', 'Doctor article room direction. Instead large town look industry behind east enter. Do respond send attack.', 67.8, '2023-10-29T16:41:10.968044', '{"/images/products/product.png"}', '45'),
	(6, '9d0447c1-2c61-4fd0-9702-d8a0ef415c4b', 'Vintage goth baby tea red cargo.', 'Nice dark born whose toward. Dark computer product machine.\nResource throughout important continue none throughout. Born there treat as attorney.', 20.34, '2023-10-29T16:41:10.968092', '{"/images/products/product.png"}', '11'),
	(7, '2fdd7f04-66a7-4b7a-98cd-3606bf406256', 'Adidas trendy baby tea baby tea vintage sweat trendy.', 'Relationship including throughout send population recent let. About industry they measure while.\nFloor part subject see while accept add worker.', 24.48, '2023-10-29T16:41:10.968140', '{"/images/products/product.png"}', '36'),
	(8, 'f51f4af8-a2e4-44ef-bcb9-ea9de987a4b9', 'Adidas fancy whitecute sweat.', 'Computer address word. Compare already get white our prepare activity anyone.\nConference himself fight Mrs. Policy ability upon choice. Three public ten trial.', 47.47, '2023-10-29T16:41:10.968195', '{"/images/products/product.png"}', '38'),
	(9, '38f20508-b505-4a53-b773-f76b85ee56b5', 'Nike trendy jeans blue.', 'Owner method society Mr stop. Eye modern reflect area family industry long. Music standard whole someone make season. Which let mention second white.', 62.7, '2023-10-29T16:41:10.968242', '{"/images/products/product.png"}', '16'),
	(10, '14617029-4998-47b2-ad4f-3b12dfd82694', 'Cargo jacket goth denim.', 'Senior prevent easy when by remain manage. Century want add be Mrs follow.\nAccount century region strong. Idea outside really somebody heavy.', 41.0, '2023-10-29T16:41:10.968306', '{"/images/products/product.png"}', '38'),
	(11, '82314175-cff6-4a60-859a-9913f569338e', 'Pants baby tea jeans shirt baby tea jeans necklace.', 'Nothing participant view third would.\nWrite sometimes move. Job bit ok chair.\nMiss write program past quite meet. Season perform end want by industry. Page culture control family.', 24.86, '2023-10-29T16:41:10.968363', '{"/images/products/product.png"}', '19'),
	(12, 'dd2b2abb-a82a-477e-9f9b-f5f982940647', 'Shoes shirt pants red pajamas vest vest.', 'Admit economy institution reality note course catch available. Town ready rest sit boy blue.', 59.5, '2023-10-29T16:41:10.968404', '{"/images/products/product.png"}', '12'),
	(13, '11d68f6e-a2fe-4aeb-b0f3-e958e26a5f5c', 'Yellow adidas yellow shoes red.', 'Security certainly game rate like evening student. Happen five fight century as there.', 69.21, '2023-10-29T16:41:10.968449', '{"/images/products/product.png"}', '23'),
	(14, '9d010610-2183-4b33-8c9d-583556ae469b', 'Shorts retro shoes denim pajamas.', 'Candidate capital professor song either board leave. Popular not against training. Attention stock season common marriage thus.', 72.29, '2023-10-29T16:41:10.968496', '{"/images/products/product.png"}', '48'),
	(15, '0dd5fa4e-df08-4b4e-b454-0e3e264ed6f1', 'Nike shirt nike jeans yellow denim cargo.', 'Fast week one. Cold music above here. Degree everybody lot either inside conference. Of similar father mention including wish allow.', 84.21, '2023-10-29T16:41:10.968548', '{"/images/products/product.png"}', '36'),
	(16, 'dfd25059-e740-4153-86ad-5f617345eca6', 'Baby Tea nike goth pajamas trendy.', 'Imagine culture turn brother minute skin source less. Rate receive stay we response year. Interview all up.\nEvent power court check. Present financial improve glass. Market yourself stop.', 37.98, '2023-10-29T16:41:10.968750', '{"/images/products/product.png"}', '15'),
	(17, '1b806ec8-7df7-47f4-b7ab-c5d9212f8180', 'Retro whitecute sweat whitecute red pajamas vest.', 'Human board not church. Smile director large without.\nAlong plan story. Visit same final night.\nQuestion still although stay. Forward subject buy.', 51.51, '2023-10-29T16:41:10.968843', '{"/images/products/product.png"}', '2'),
	(18, 'aba0e634-18fb-4765-aaf5-84463cf18389', 'Nike trendy vest nike whitecute shoes skirts cargo.', 'Back when turn phone person test partner. Arrive run foreign standard PM.\nHim watch central choose certain network.\nDesign contain perform bill region article television. Star before need out.', 69.25, '2023-10-29T16:41:10.968901', '{"/images/products/product.png"}', '8'),
	(19, '08d15ff6-d053-4b73-9e6a-6ace1a8135dc', 'Shorts baby tea jacket shoes vest fancy vest skirts.', 'Street seem activity doctor. Weight economic great way central.\nPeople seven marriage may full seat student her. Power especially indicate avoid production maintain.\nJob hard around week look nor.', 82.23, '2023-10-29T16:41:10.968995', '{"/images/products/product.png"}', '32'),
	(20, 'dbf9cf9a-5cdd-4e7b-ae40-b65717f315af', 'Jacket vest jeans adidas jeans.', 'Center street both those name compare unit. Wide conference of picture difference offer American. Nature admit art this sister. Environmental partner talk watch his ever.', 70.26, '2023-10-29T16:41:10.969069', '{"/images/products/product.png"}', '9'),
	(21, '2c57877d-1651-4cb2-b8db-58500420775a', 'Retro nike pajamas t-shirt yellow pants retro.', 'Work common town party create fly.\nRoad media four organization. Push claim experience arrive should Democrat. Cell garden natural red western manage.', 8.68, '2023-10-29T16:41:10.969158', '{"/images/products/product.png"}', '36'),
	(22, 'ddd0e1ad-23fe-44ec-b781-60a1acfa4d8c', 'Necklace vintage sweat necklace blue vintage.', 'Return charge look behind above opportunity power interesting. Far great ball upon spring together.', 67.88, '2023-10-29T16:41:10.969237', '{"/images/products/product.png"}', '26'),
	(23, 'fe1e4b53-4055-42f6-bf91-c20e94530d24', 'T-Shirt sweat whitecute baby tea yellow pants whitecute.', 'Hour recent exactly catch may health return company. Same order management while level. Person say human nature theory. Goal view space fly rock organization reduce contain.', 57.55, '2023-10-29T16:41:10.969318', '{"/images/products/product.png"}', '19'),
	(24, '6d56b844-b1cf-439a-9e24-b90e2f8285bd', 'Pants vest vintage adidas.', 'Her arrive nice most movement.\nReligious economic west camera study heavy. On affect song authority build movement series.\nTwo score century assume. Until back region wait cold.', 57.47, '2023-10-29T16:41:10.969420', '{"/images/products/product.png"}', '13'),
	(25, 'eeedf456-5c8e-407a-a466-4431bb4fd014', 'Nike pants whitecute necklace jeans whitecute.', 'As election impact eat. Development laugh without along current. Cause choose bad according. Threat choice trade claim realize manage easy.', 7.18, '2023-10-29T16:41:10.969515', '{"/images/products/product.png"}', '41'),
	(26, '090fd6ab-769f-4b78-a3dc-244a943c5043', 'Sweat trendy adidas sweat.', 'Year because north country. Rise different late wide manage simply. Energy general science home protect myself.', 83.18, '2023-10-29T16:41:10.969591', '{"/images/products/product.png"}', '21'),
	(27, 'd0fb4114-5740-43f4-9a62-aa4a5ddcd676', 'Jacket t-shirt pajamas pants.', 'Area around after once good security explain professor.\nTraining history including reflect even. Bring job democratic still difficult current believe.\nToday voice partner. History who discover win.', 86.76, '2023-10-29T16:41:10.969688', '{"/images/products/product.png"}', '34'),
	(28, 'bfa222b8-f16f-42ad-859b-5ec0a438058c', 'Vest skirts red yellow red blue adidas baby tea.', 'Carry would focus. Read night anything. Against sell type head behind too wish more. Tax method cup former term wait turn.\nBase among physical sea growth. Interesting ball measure.', 20.53, '2023-10-29T16:41:10.969780', '{"/images/products/product.png"}', '2'),
	(29, 'dc763c1b-f380-4373-8352-df02f7425e7a', 'Cargo necklace adidas jacket.', 'Compare product rock. Wife but us standard capital bank any.\nControl fine kind. Present move finish power material want. Address himself commercial experience. Which join mind hand ago choice.', 5.58, '2023-10-29T16:41:10.969875', '{"/images/products/product.png"}', '36'),
	(30, '805db31b-e66b-445a-a5c7-aa12c9d87a11', 'Vintage jeans jeans skirts shirt shirt.', 'Set three feel industry former operation. Safe create whatever. Space somebody among notice.', 28.03, '2023-10-29T16:41:10.969969', '{"/images/products/product.png"}', '37'),
	(31, 'dd58a88d-7578-4a21-a6b1-14158b5df1a5', 'Fancy vest yellow shoes.', 'Glass item board health support. Color later easy few scene. Nature may relationship color whom place of. Safe environment piece American responsibility.', 43.86, '2023-10-29T16:41:10.970057', '{"/images/products/product.png"}', '49'),
	(32, 'd6b867ce-c537-4aee-9fab-67926db7d2e0', 'Skirts goth whitecute denim blue denim vintage baby tea.', 'Cause door reveal across although car unit rate. Hospital force school all democratic name detail.\nHere image his. With science participant certainly political hospital. Finish easy floor do.', 27.27, '2023-10-29T16:41:10.970157', '{"/images/products/product.png"}', '24'),
	(33, '41cf06ea-35f3-4919-b5dd-2e2161d48b7b', 'Shirt cargo pajamas nike sweat blue.', 'No seven hand design. No artist loss kid.\nSport still soon test. Street pull west morning arrive.', 85.57, '2023-10-29T16:41:10.970239', '{"/images/products/product.png"}', '35'),
	(34, '4f79af83-f070-44a7-aa48-4e2dcff4816a', 'Nike blue trendy.', 'Pattern reach foreign suffer career each create. Manage unit law answer like.\nPoor position take.', 3.16, '2023-10-29T16:41:10.970315', '{"/images/products/product.png"}', '6'),
	(35, '192826d3-9653-4525-bcaa-f2d4c2789e30', 'Red goth jacket jacket red.', 'Price ready final whose. Hope drug man myself be. Entire south stay when meeting dinner contain general.', 84.75, '2023-10-29T16:41:10.970390', '{"/images/products/product.png"}', '10'),
	(36, '0bf46496-2044-4dea-91f1-5b0abfa46bde', 'T-Shirt jacket shoes necklace.', 'Attention court power amount view contain director. Front sister man detail.\nThough huge run truth main away. Course region why.', 6.69, '2023-10-29T16:41:10.970476', '{"/images/products/product.png"}', '15'),
	(37, 'dcb3db27-8202-4bc4-a66a-2d34a6843820', 'Baby Tea necklace shirt fancy yellow baby tea.', 'Today want them article person check east. Close human current key.\nExpect easy what tough sound age. Month use until magazine standard risk.', 41.0, '2023-10-29T16:41:10.970556', '{"/images/products/product.png"}', '35'),
	(38, '53cfcb1f-5bd3-4f6f-9bd2-658e36debf45', 'Trendy pants shirt sweat adidas adidas.', 'Pick party interest would run crime edge. Summer direction reality drug agent political outside.', 31.48, '2023-10-29T16:41:10.970625', '{"/images/products/product.png"}', '14'),
	(39, 'a401d458-947e-471a-97f2-2754dfec41d9', 'Skirts necklace goth shirt necklace sweat.', 'Late class middle religious race begin generation. Size item design bank friend program impact war. Heart her different trade. Opportunity final sport likely guess partner chair figure.', 32.01, '2023-10-29T16:41:10.970736', '{"/images/products/product.png"}', '28'),
	(40, '9ec65071-0bd1-4f37-bc7e-66923ed613a5', 'Baby Tea t-shirt whitecute.', 'Suddenly company and anyone. Nearly responsibility loss various. Loss offer hard them.\nActually structure bank its red consider. Support political bad.', 48.03, '2023-10-29T16:41:10.970799', '{"/images/products/product.png"}', '4'),
	(41, 'a07610ca-94cb-40a4-8d31-3ffa3b5bcc5d', 'Pajamas shorts vintage.', 'Figure maintain foreign to military ready point. Worker note scientist close you.\nArrive suddenly sister listen these industry commercial. Wind interview season far.', 27.26, '2023-10-29T16:41:10.970847', '{"/images/products/product.png"}', '45'),
	(42, '956e4dab-b45e-45b5-aebd-3feb89bb510a', 'Skirts necklace jacket necklace vest.', 'Will deep gas fall real ball help. Approach vote environmental than.\nDraw mouth medical item. Go better truth onto trip ability. Agent letter wonder half identify data.', 27.24, '2023-10-29T16:41:10.970901', '{"/images/products/product.png"}', '41'),
	(43, 'd4910ab7-e261-42b4-98d6-b100c837ea6f', 'Vintage shoes retro shoes.', 'Forward decision thank himself age. Approach benefit clear behind population. Position kid shake today impact third. Ready soon then meet.', 52.67, '2023-10-29T16:41:10.970944', '{"/images/products/product.png"}', '6'),
	(44, 'df182ebe-21a6-400a-b714-b82c4732e13a', 'Adidas necklace denim blue.', 'Early half worry key nation. Against none class side. Wait budget especially machine maybe modern.\nControl image walk though major. Mr hit low time. Major yard attention environmental.', 4.13, '2023-10-29T16:41:10.971000', '{"/images/products/product.png"}', '42'),
	(45, '07434017-bf10-44aa-a57b-a09a6fae91cd', 'Jacket pants cargo sweat.', 'Because sure by move. Ability improve feeling stop order our.\nAgain early mean man natural explain. Professor agreement hold form himself face serious.', 46.39, '2023-10-29T16:41:10.971049', '{"/images/products/product.png"}', '43'),
	(46, 'aa7cb5c0-3f69-4ea2-bc5d-4b16e37fdda4', 'Shorts jeans yellow pants pajamas pants yellow.', 'Policy up head likely perform evening. Treat development cell listen believe.\nMedia trouble argue but stand. Always message cost cold. Range management site.', 88.66, '2023-10-29T16:41:10.971114', '{"/images/products/product.png"}', '44'),
	(47, 'a0b58179-5bbf-4d3a-b90b-19c66de4c2b9', 'Pants cargo retro nike jeans.', 'Population raise decide scene impact operation small. Because everybody consider the suffer.\nHowever he wide natural offer manage woman.', 82.41, '2023-10-29T16:41:10.971156', '{"/images/products/product.png"}', '10'),
	(48, '2309ce38-97d3-4761-9a80-3b4e2aab0067', 'Adidas shorts adidas adidas pants jeans trendy pajamas.', 'Force federal put tax against all single. Professor center realize whatever more we ok do. Again north image field reason little always.\nAble medical instead however.', 5.2, '2023-10-29T16:41:10.971210', '{"/images/products/product.png"}', '22');

INSERT INTO Orders (id, creationDate, status) VALUES
	(0, '2023-10-29T16:41:10.971336', 'shipped'),
	(1, '2023-10-29T16:41:10.971347', 'pendingPayment'),
	(2, '2023-10-29T16:41:10.971353', 'received'),
	(3, '2023-10-29T16:41:10.971359', 'requestCancellation');

INSERT INTO OrderProduct (product, orderId, discount) VALUES
	(17, 0, 41.58),
	(32, 0, 5.27),
	(24, 0, 28.73),
	(12, 0, 49.51),
	(46, 0, 85.94),
	(3, 1, 50.78),
	(19, 2, 60.33),
	(5, 3, 6.37),
	(18, 3, 5.69),
	(9, 3, 53.66),
	(15, 3, 40.5);

INSERT INTO ProductAttributes (product, attribute) VALUES
	(0, 20),
	(0, 3),
	(2, 4),
	(3, 10),
	(3, 2),
	(4, 16),
	(5, 11),
	(5, 1),
	(6, 6),
	(6, 21),
	(7, 15),
	(9, 3),
	(9, 20),
	(10, 14),
	(12, 20),
	(12, 13),
	(13, 16),
	(13, 19),
	(15, 21),
	(15, 17),
	(16, 18),
	(18, 18),
	(19, 15),
	(19, 6),
	(20, 13),
	(21, 21),
	(22, 4),
	(22, 9),
	(23, 9),
	(24, 3),
	(24, 14),
	(27, 1),
	(28, 21),
	(28, 12),
	(29, 16),
	(29, 20),
	(30, 2),
	(32, 21),
	(32, 2),
	(33, 2),
	(33, 18),
	(35, 9),
	(36, 2),
	(36, 12),
	(38, 20),
	(38, 1),
	(39, 14),
	(39, 4),
	(40, 21),
	(40, 10),
	(42, 11),
	(43, 9),
	(43, 22),
	(44, 16),
	(44, 19),
	(45, 7),
	(45, 17),
	(46, 21),
	(48, 21),
	(48, 4);

INSERT INTO ProductWishlist (product, belongsTo) VALUES
	(22, 0),
	(45, 0),
	(33, 0),
	(2, 0),
	(32, 0),
	(30, 0),
	(12, 0),
	(20, 0),
	(24, 1),
	(7, 1),
	(43, 2),
	(0, 2),
	(24, 2),
	(13, 2),
	(19, 2),
	(24, 3),
	(34, 3),
	(36, 3),
	(37, 3),
	(30, 4),
	(12, 4),
	(32, 4),
	(34, 4),
	(18, 5),
	(22, 5),
	(30, 5),
	(24, 5),
	(3, 5),
	(0, 5),
	(28, 5),
	(26, 5),
	(5, 6),
	(34, 6),
	(31, 6),
	(43, 6),
	(22, 6),
	(44, 6),
	(37, 6),
	(28, 7),
	(41, 7),
	(10, 7),
	(35, 7),
	(46, 7),
	(14, 7),
	(13, 8),
	(37, 8),
	(40, 8),
	(30, 8),
	(15, 8),
	(43, 8),
	(24, 8),
	(27, 8),
	(36, 8),
	(18, 8),
	(47, 9),
	(45, 9),
	(23, 9),
	(0, 9),
	(34, 9),
	(48, 10),
	(4, 10),
	(28, 10),
	(7, 10),
	(1, 10),
	(43, 10),
	(8, 10),
	(11, 10),
	(23, 10),
	(19, 10),
	(31, 11),
	(5, 11),
	(29, 11),
	(34, 11),
	(25, 11),
	(26, 11),
	(15, 11),
	(28, 11),
	(12, 12),
	(34, 12),
	(32, 12),
	(3, 12),
	(9, 13),
	(32, 13),
	(7, 13),
	(33, 13),
	(18, 13),
	(0, 13),
	(23, 13),
	(34, 13),
	(48, 13),
	(27, 13),
	(8, 14),
	(29, 14),
	(46, 14),
	(6, 15),
	(7, 15),
	(23, 15),
	(35, 15),
	(38, 15),
	(40, 15),
	(18, 16),
	(28, 16),
	(15, 16),
	(17, 16),
	(32, 16),
	(9, 16),
	(30, 16),
	(41, 17),
	(4, 17),
	(32, 17),
	(0, 17),
	(46, 17),
	(7, 17),
	(25, 17),
	(35, 18),
	(29, 18),
	(31, 18),
	(2, 18),
	(41, 18),
	(21, 18),
	(29, 19),
	(34, 19),
	(26, 19),
	(48, 19),
	(16, 19),
	(11, 19),
	(10, 20),
	(32, 20),
	(2, 20),
	(28, 20),
	(9, 20),
	(47, 20),
	(44, 20),
	(14, 20),
	(29, 21),
	(21, 21),
	(16, 21),
	(8, 21),
	(23, 21),
	(18, 21),
	(39, 21),
	(15, 21),
	(12, 22),
	(48, 22),
	(33, 22),
	(27, 22),
	(34, 22),
	(32, 23),
	(41, 24),
	(30, 24),
	(47, 24),
	(27, 24),
	(18, 24),
	(36, 24),
	(8, 24),
	(16, 24),
	(28, 24),
	(45, 25),
	(5, 25),
	(33, 25),
	(20, 25),
	(47, 26),
	(10, 26),
	(45, 26),
	(36, 26),
	(4, 26),
	(33, 26),
	(19, 26),
	(32, 26),
	(26, 27),
	(22, 27),
	(9, 28),
	(26, 28),
	(3, 28),
	(26, 29),
	(17, 29),
	(34, 29),
	(48, 29),
	(43, 29),
	(28, 29),
	(33, 30),
	(24, 30),
	(0, 30),
	(27, 30),
	(34, 31),
	(35, 32),
	(32, 32),
	(39, 33),
	(1, 33),
	(26, 33),
	(30, 34),
	(13, 34),
	(32, 35),
	(36, 35),
	(9, 35),
	(24, 35),
	(28, 35),
	(16, 35),
	(11, 36),
	(28, 36),
	(21, 37),
	(4, 37),
	(38, 37),
	(10, 37),
	(40, 37),
	(37, 37),
	(14, 37),
	(4, 38),
	(15, 38),
	(26, 38),
	(44, 38),
	(17, 38),
	(9, 38),
	(7, 38),
	(17, 39),
	(22, 39),
	(32, 39),
	(12, 39),
	(31, 39),
	(43, 39),
	(27, 39),
	(3, 39),
	(9, 40),
	(48, 40),
	(10, 40),
	(3, 40),
	(2, 41),
	(34, 41),
	(32, 41),
	(7, 41),
	(35, 42),
	(37, 42),
	(1, 42),
	(44, 43),
	(47, 43),
	(11, 43),
	(19, 43),
	(32, 44),
	(31, 45),
	(47, 46),
	(36, 46),
	(34, 46),
	(48, 46),
	(8, 46),
	(20, 46),
	(9, 47),
	(17, 47),
	(5, 47),
	(33, 47),
	(31, 47),
	(6, 47),
	(2, 48),
	(20, 48),
	(24, 48),
	(48, 48),
	(13, 48),
	(46, 49),
	(37, 49),
	(30, 49),
	(12, 49),
	(23, 49),
	(34, 49);
